{
  "stats": [
    {
      "name": "tanker01",
      "lenA": 843840.4424157746,
      "lenB": 867832.6410484063,
      "delta": 23992.198632631684,
      "pct": 2.843215070842779,
      "same": false,
      "pointsA": 1768,
      "pointsB": 1770
    },
    {
      "name": "receiver01",
      "lenA": 963416.9782345003,
      "lenB": 963416.9782345003,
      "delta": 0.0,
      "pct": 0.0,
      "same": true,
      "pointsA": 1919,
      "pointsB": 1919
    },
    {
      "name": "receiver02",
      "lenA": 1091288.0637853574,
      "lenB": 1091288.0637853574,
      "delta": 0.0,
      "pct": 0.0,
      "same": true,
      "pointsA": 2080,
      "pointsB": 2080
    },
    {
      "name": "receiver03",
      "lenA": 1084202.452495861,
      "lenB": 1084202.452495861,
      "delta": 0.0,
      "pct": 0.0,
      "same": true,
      "pointsA": 2072,
      "pointsB": 2072
    }
  ],
  "obstacle_xy": [
    [
      13174744.34,
      3637854.13
    ],
    [
      13224744.34,
      3637854.13
    ],
    [
      13224744.34,
      3677854.13
    ],
    [
      13174744.34,
      3677854.13
    ]
  ]
}