{
  "len_noobs_m": 843840.4424157746,
  "len_obs_m": 867832.6410484063,
  "delta_m": 23992.198632631684,
  "delta_pct": 2.843215070842779,
  "same_file": false,
  "hash_noobs": "1e5a76b4377168b52bb035785f64304f",
  "hash_obs": "cb94f99b881ee56553d46392042876bb",
  "obstacle_center_xy": [
    13199744.34,
    3657854.13
  ],
  "obstacle_half_size_xy": [
    25000,
    20000
  ],
  "obstacle_vertices_latlon": [
    [
      31.039300624017255,
      118.35074204989158
    ],
    [
      31.039300624017255,
      118.79989969195132
    ],
    [
      31.34667747517266,
      118.79989969195132
    ],
    [
      31.34667747517266,
      118.35074204989158
    ]
  ],
  "points_noobs": 1768,
  "points_obs": 1770
}