{
  "len_noobs_m": 882409.3171755507,
  "len_obs_m": 851035.7145444602,
  "delta_m": -31373.602631090558,
  "delta_pct": -3.55544779734561,
  "same_file": false,
  "hash_noobs": "3ff22d66b63a92715f8f9ee53c136fe9",
  "hash_obs": "98b490aa968188f446daf9bc6a040a4b",
  "obstacle_center_xy": [
    13306196.74,
    3732914.19
  ],
  "obstacle_half_size_xy": [
    25000,
    20000
  ],
  "obstacle_vertices_latlon": [
    [
      31.615270590417833,
      119.30702022940362
    ],
    [
      31.615270590417833,
      119.75617787146338
    ],
    [
      31.920764236689674,
      119.75617787146338
    ],
    [
      31.920764236689674,
      119.30702022940362
    ]
  ],
  "inside_points_noobs": 281,
  "inside_points_obs": 0,
  "points_noobs": 1817,
  "points_obs": 1777
}