{
  "stats": [
    {
      "name": "tanker01",
      "lenA": 882409.3171755507,
      "lenB": 851035.7145444602,
      "delta": -31373.602631090558,
      "pct": -3.55544779734561,
      "same": false,
      "pointsA": 1817,
      "pointsB": 1777,
      "insideA": 281,
      "insideB": 0
    },
    {
      "name": "receiver01",
      "lenA": 1041974.3331459429,
      "lenB": 1014086.2198860269,
      "delta": -27888.11325991596,
      "pct": -2.676468351741045,
      "same": false,
      "pointsA": 2019,
      "pointsB": 1984,
      "insideA": 253,
      "insideB": 0
    },
    {
      "name": "receiver02",
      "lenA": 1179402.7887442561,
      "lenB": 1148822.4710012637,
      "delta": -30580.317742992425,
      "pct": -2.592864629017213,
      "same": false,
      "pointsA": 2192,
      "pointsB": 2154,
      "insideA": 253,
      "insideB": 0
    },
    {
      "name": "receiver03",
      "lenA": 1172529.698289841,
      "lenB": 1141887.4523483508,
      "delta": -30642.245941490168,
      "pct": -2.6133449742196313,
      "same": false,
      "pointsA": 2183,
      "pointsB": 2145,
      "insideA": 253,
      "insideB": 0
    }
  ],
  "metrics": {
    "len_noobs_m": 882409.3171755507,
    "len_obs_m": 851035.7145444602,
    "delta_m": -31373.602631090558,
    "delta_pct": -3.55544779734561,
    "same_file": false,
    "hash_noobs": "3ff22d66b63a92715f8f9ee53c136fe9",
    "hash_obs": "98b490aa968188f446daf9bc6a040a4b",
    "obstacle_center_xy": [
      13306196.74,
      3732914.19
    ],
    "obstacle_half_size_xy": [
      25000,
      20000
    ],
    "obstacle_vertices_latlon": [
      [
        31.615270590417833,
        119.30702022940362
      ],
      [
        31.615270590417833,
        119.75617787146338
      ],
      [
        31.920764236689674,
        119.75617787146338
      ],
      [
        31.920764236689674,
        119.30702022940362
      ]
    ],
    "inside_points_noobs": 281,
    "inside_points_obs": 0,
    "points_noobs": 1817,
    "points_obs": 1777
  },
  "obstacle_xy": [
    [
      13281196.74,
      3712914.19
    ],
    [
      13331196.74,
      3712914.19
    ],
    [
      13331196.74,
      3752914.19
    ],
    [
      13281196.74,
      3752914.19
    ]
  ]
}